id,start__station,end__station,start__time,end__time
80763967751852032,TDC,TCN,2025-08-11T13:22:48.539Z,2025-08-11T13:46:49.905Z
80272087289171968,TDC,ANP,2025-08-10T04:53:31.089Z,2025-08-10T05:12:13.911Z
78792009468350464,NUS,ANP,2025-08-06T02:48:17.034Z,2025-08-06T03:10:52.119Z
78748466062299136,HTP,BTN,2025-08-05T23:50:26.752Z,2025-08-06T00:17:57.844Z
81869256370688000,OPH,TDC,2025-08-14T14:03:48.390Z,2025-08-14T14:58:50.070Z
82212155725713408,BSN,RCC,2025-08-15T13:22:32.686Z,2025-08-15T13:41:16.415Z
82189447847743488,TCN,BSN,2025-08-15T12:02:40.264Z,2025-08-15T12:10:55.818Z
79276515954528256,BTN,OPH,2025-08-07T10:52:51.874Z,2025-08-07T11:15:48.703Z
77292439848620032,TDC,OPH,2025-08-01T23:21:57.873Z,2025-08-01T23:52:05.609Z
82185106055237632,OPH,ANP,2025-08-15T11:33:29.316Z,2025-08-15T11:53:51.854Z
78184426252537856,BSN,PCL,2025-08-04T10:38:27.276Z,2025-08-04T10:56:30.565Z
79299352006234112,OPH,PCL,2025-08-07T12:20:50.632Z,2025-08-07T12:46:58.087Z
81341043651383296,BTN,TDC,2025-08-13T03:27:58.166Z,2025-08-13T03:59:48.804Z
79134392873652224,BTI,ANP,2025-08-07T01:39:02.549Z,2025-08-07T01:51:19.323Z
76929987717894144,TDN,BTN,2025-07-31T23:34:15.912Z,2025-07-31T23:51:54.955Z
77821095016665088,NUS,BTN,2025-08-03T10:08:07.932Z,2025-08-03T10:52:52.693Z
78385247019864064,BTN,BSN,2025-08-05T00:03:06.797Z,2025-08-05T00:14:37.521Z
82178120395788288,TDN,BTN,2025-08-15T11:07:51.742Z,2025-08-15T11:25:34.818Z
77457610671919104,BTN,TDC,2025-08-02T10:17:46.846Z,2025-08-02T10:48:24.262Z
78160515183939584,BTN,NUS,2025-08-04T08:51:01.682Z,2025-08-04T09:21:30.263Z
80634863975141376,HTP,BTN,2025-08-11T04:44:55.780Z,2025-08-11T05:13:35.782Z
79189248967708672,BTN,HTP,2025-08-07T05:02:54.939Z,2025-08-07T05:29:17.324Z
80242148938616832,BTI,OPH,2025-08-10T02:52:48.072Z,2025-08-10T03:13:07.896Z
76996497022914560,PCL,OPH,2025-08-01T03:56:04.728Z,2025-08-01T04:16:07.487Z
81818243769044992,OPH,BTI,2025-08-14T11:06:30.286Z,2025-08-14T11:36:04.397Z
78028399351697408,TDC,TCN,2025-08-04T00:19:56.464Z,2025-08-04T00:36:36.281Z
81662906650857472,STT,NUS,2025-08-14T01:10:10.672Z,2025-08-14T01:18:42.911Z
79334771943018496,OPH,BTI,2025-08-07T14:39:07.142Z,2025-08-07T15:07:39.030Z
77316042489073664,BTN,HTP,2025-08-02T00:56:59.015Z,2025-08-02T01:26:03.755Z
81806535864356864,BSN,TDC,2025-08-14T10:23:51.938Z,2025-08-14T10:49:36.118Z
80539474219503616,BTN,STT,2025-08-10T22:20:29.669Z,2025-08-10T22:54:49.816Z
76975675289899008,NUS,BTN,2025-08-01T02:15:34.295Z,2025-08-01T02:53:32.296Z
81294221058772992,TDC,VTP,2025-08-13T00:36:37.452Z,2025-08-13T00:53:03.769Z
76937167909163008,TDC,BSN,2025-07-31T23:57:28.415Z,2025-08-01T00:20:24.046Z
80019924088524800,OPH,BTI,2025-08-09T12:06:35.441Z,2025-08-09T12:30:12.911Z
77377071998832640,BTN,BSN,2025-08-02T05:18:55.053Z,2025-08-02T05:28:34.015Z
80570691694366720,BTI,TCN,2025-08-11T00:43:36.716Z,2025-08-11T00:58:20.487Z
80589504028610560,BTN,HTP,2025-08-11T01:43:27.723Z,2025-08-11T02:13:35.476Z
81007253066354688,ANP,OPH,2025-08-12T05:36:02.297Z,2025-08-12T05:53:26.069Z
79583606577565696,HTP,TCN,2025-08-08T07:12:15.822Z,2025-08-08T07:36:19.675Z
78920289651527680,TCN,BSN,2025-08-06T11:30:28.383Z,2025-08-06T11:40:44.054Z
80571571487379456,STT,BSN,2025-08-11T00:25:53.274Z,2025-08-11T01:02:11.471Z
81306553763762176,NUS,OPH,2025-08-13T01:12:47.885Z,2025-08-13T01:42:38.878Z
81297748426493952,BTI,BTN,2025-08-13T00:42:17.005Z,2025-08-13T01:07:38.488Z
79225494163165184,TDC,BTN,2025-08-07T07:29:59.384Z,2025-08-07T07:53:16.999Z
81444397576622080,BTN,TDN,2025-08-13T10:30:44.799Z,2025-08-13T10:50:34.539Z
77760731247808512,BTN,ANP,2025-08-03T06:24:37.095Z,2025-08-03T06:52:58.288Z
82010374580211712,STT,ANP,2025-08-14T23:55:55.166Z,2025-08-15T00:19:31.407Z
79890835109318656,NUS,BTN,2025-08-09T03:23:01.392Z,2025-08-09T03:57:14.987Z
77357379498283008,PCL,OPH,2025-08-02T03:38:54.604Z,2025-08-02T04:10:18.438Z
76952521817460736,STT,ANP,2025-08-01T00:54:29.159Z,2025-08-01T01:21:25.287Z
79229715100995584,BSN,STT,2025-08-07T07:39:37.654Z,2025-08-07T08:10:07.476Z
81832770359267328,BTN,STT,2025-08-14T11:53:38.161Z,2025-08-14T12:33:47.448Z
79205866007433216,HTP,TCN,2025-08-07T06:14:04.089Z,2025-08-07T06:35:19.709Z
81335306380382208,BTN,TDN,2025-08-13T03:12:35.144Z,2025-08-13T03:36:56.734Z
80000677102751744,ANP,BTN,2025-08-09T10:08:49.018Z,2025-08-09T11:13:45.718Z
81663917775917056,TCN,OPH,2025-08-14T01:08:10.343Z,2025-08-14T01:22:32.029Z
77012351454285824,ANP,OPH,2025-08-01T05:06:28.837Z,2025-08-01T05:19:04.652Z
79312190808526848,OPH,ANP,2025-08-07T13:14:12.221Z,2025-08-07T13:37:49.944Z
79644832787599360,BSN,TCN,2025-08-08T11:23:59.050Z,2025-08-08T11:39:38.413Z
78236388541075456,OPH,TDN,2025-08-04T14:11:50.653Z,2025-08-04T14:23:11.360Z
77731038922543104,VTP,TDN,2025-08-03T04:42:33.293Z,2025-08-03T04:55:01.863Z
77315095557836800,TCN,OPH,2025-08-02T01:11:54.266Z,2025-08-02T01:22:08.883Z
79912717409849344,NUS,OPH,2025-08-09T04:56:28.604Z,2025-08-09T05:24:14.044Z
79639170934378496,OPH,TDC,2025-08-08T10:48:44.794Z,2025-08-08T11:17:07.893Z
77720214405386240,HTP,TCN,2025-08-03T03:54:15.443Z,2025-08-03T04:11:53.873Z
78236140276027392,BTN,TDC,2025-08-04T13:53:15.375Z,2025-08-04T14:22:11.096Z
80376976287731712,BTN,TDC,2025-08-10T12:08:38.535Z,2025-08-10T12:08:54.724Z
82028128217600000,PCL,BSN,2025-08-15T01:15:03.993Z,2025-08-15T01:29:57.586Z
78171661957861376,HTP,ANP,2025-08-04T09:50:02.662Z,2025-08-04T10:05:57.564Z
81866302238494720,ANP,TDC,2025-08-14T14:27:13.603Z,2025-08-14T14:47:00.103Z
77853491107729408,BSN,BTI,2025-08-03T12:44:32.342Z,2025-08-03T13:01:36.138Z
79500561921085440,OPH,PCL,2025-08-08T01:39:51.089Z,2025-08-08T02:06:31.604Z
78171413038501888,BSN,BTN,2025-08-04T09:55:28.790Z,2025-08-04T10:04:43.102Z
77838330472960000,VTP,ANP,2025-08-03T11:51:02.410Z,2025-08-03T12:01:17.757Z
80760374684553216,BTN,BTI,2025-08-11T13:04:19.785Z,2025-08-11T13:32:22.049Z
79950782299901952,BTN,TDN,2025-08-09T07:33:43.047Z,2025-08-09T07:55:30.976Z
77473841349136384,TCN,TDC,2025-08-02T11:29:29.634Z,2025-08-02T11:52:53.404Z
79992689164029952,OPH,STT,2025-08-09T10:09:49.364Z,2025-08-09T10:41:51.909Z
78551298948993024,OPH,TDN,2025-08-05T10:55:55.022Z,2025-08-05T11:14:21.240Z
78756578387300352,BTI,TDN,2025-08-06T00:38:02.651Z,2025-08-06T00:49:32.600Z
80053082297208832,BSN,TDN,2025-08-09T14:23:47.935Z,2025-08-09T14:41:58.405Z
80214458781143040,TDC,OPH,2025-08-10T00:52:41.867Z,2025-08-10T01:23:13.648Z
82210699958292480,BTN,TDC,2025-08-15T13:01:01.594Z,2025-08-15T13:35:35.323Z
80351864033382400,HTP,BTN,2025-08-10T09:51:07.206Z,2025-08-10T10:29:08.726Z
82234553451679744,OPH,BTI,2025-08-15T15:10:09.876Z,2025-08-15T15:10:13.519Z
76953089344540672,HTP,BTN,2025-08-01T00:57:58.129Z,2025-08-01T01:23:16.250Z
82189387521069056,BTN,BTI,2025-08-15T11:44:33.127Z,2025-08-15T12:10:48.107Z
79294881624756224,BTN,STT,2025-08-07T11:47:54.671Z,2025-08-07T12:29:02.314Z
80056660046909440,ANP,HTP,2025-08-09T14:33:50.986Z,2025-08-09T14:56:05.636Z
78052633549475840,BTN,ANP,2025-08-04T01:51:28.881Z,2025-08-04T02:12:43.386Z
81097430942093312,BTN,TDC,2025-08-12T11:24:12.383Z,2025-08-12T11:51:40.932Z
76967238891999232,ANP,BSN,2025-08-01T02:09:16.554Z,2025-08-01T02:20:01.730Z
79666156092264448,BTN,HTP,2025-08-08T12:36:32.753Z,2025-08-08T13:04:28.045Z
81104973617696768,BSN,TDC,2025-08-12T11:54:15.014Z,2025-08-12T12:21:37.556Z
81830187527835648,BSN,ANP,2025-08-14T12:04:35.478Z,2025-08-14T12:23:28.678Z
78236206357286912,BTN,TDC,2025-08-04T13:58:06.602Z,2025-08-04T14:22:24.124Z
79484137429274624,NUS,BTN,2025-08-08T00:26:34.155Z,2025-08-08T01:00:50.979Z
80943529941012480,BTN,TDN,2025-08-12T01:18:39.201Z,2025-08-12T01:40:09.219Z
77133846914535424,BTN,STT,2025-08-01T12:43:38.307Z,2025-08-01T13:21:50.924Z
